{
    "normal_loss": 0.004919121507555246,
    "depth_loss": 1.2745723724365234
}