{
    "normal_loss": 0.0037515617441385984,
    "depth_loss": 0.027701474726200104
}