{
    "normal_loss": 0.00434699235484004,
    "depth_loss": 3.325194835662842
}