{
    "normal_loss": 0.0027862892020493746,
    "depth_loss": 0.0035202656872570515
}