{
    "normal_loss": 0.009174901992082596,
    "depth_loss": 0.8157424926757812
}