{
    "normal_loss": 0.3667970299720764,
    "depth_loss": 0.00018515289411880076
}