{
    "normal_loss": 0.002017218852415681,
    "depth_loss": 0.00242827576585114
}