{
    "normal_loss": 0.002980961697176099,
    "depth_loss": 0.011936400085687637
}